62,eget metus eu erat semper rutrum. Fusce dolor
40,"justo. Proin non massa non ante bibendum ullamcorper. Duis cursus, diam at pretium aliquet, metus"
18,"mauris. Integer sem elit, pharetra ut, pharetra sed, hendrerit a, arcu. Sed et"
90,"tempus eu, ligula. Aenean euismod mauris"
12,"tortor, dictum eu, placerat eget, venenatis a, magna. Lorem"
42,"elit, a feugiat tellus lorem"
48,"Mauris vestibulum, neque sed dictum eleifend, nunc risus varius orci, in consequat enim diam"
60,"commodo at, libero. Morbi accumsan"
29,arcu. Vestibulum ante ipsum primis in faucibus orci luctus et ultrices posuere cubilia
63,"vulputate, posuere vulputate, lacus. Cras interdum. Nunc sollicitudin commodo ipsum. Suspendisse non leo. Vivamus nibh"
1,aliquet molestie tellus. Aenean egestas hendrerit
68,"ipsum dolor sit amet, consectetuer adipiscing elit. Etiam laoreet, libero et tristique pellentesque,"
24,justo sit amet nulla. Donec non justo. Proin non massa non ante bibendum ullamcorper. Duis
6,"risus. Donec nibh enim, gravida sit amet, dapibus id,"
67,"venenatis a, magna. Lorem ipsum dolor sit amet, consectetuer adipiscing"
16,"Phasellus fermentum convallis ligula. Donec luctus aliquet odio. Etiam ligula tortor, dictum eu, placerat"
65,"bibendum sed, est. Nunc laoreet lectus quis"
17,"adipiscing fringilla, porttitor vulputate, posuere"
68,lobortis quam a felis ullamcorper viverra. Maecenas iaculis aliquet diam.
75,Proin dolor. Nulla semper tellus id nunc interdum
93,"mi eleifend egestas. Sed pharetra,"
20,"vulputate, risus a ultricies adipiscing, enim mi tempor lorem, eget mollis lectus"
31,nulla. Donec non justo. Proin non
75,erat. Etiam vestibulum massa rutrum magna. Cras convallis convallis dolor. Quisque
11,"et, rutrum eu, ultrices sit"
80,eros. Proin ultrices. Duis volutpat nunc sit amet
62,Etiam imperdiet dictum magna. Ut tincidunt orci
18,sem eget massa. Suspendisse eleifend. Cras sed leo.
50,ac tellus. Suspendisse sed dolor.
94,"cursus. Nunc mauris elit, dictum eu, eleifend nec,"
38,Donec feugiat metus sit amet ante. Vivamus non lorem vitae odio sagittis semper. Nam tempor
42,nulla. Donec non justo. Proin non massa
43,fringilla euismod enim. Etiam gravida molestie arcu. Sed eu nibh
69,Aenean gravida nunc sed pede.
46,"magnis dis parturient montes, nascetur ridiculus mus. Proin"
72,non quam. Pellentesque habitant morbi tristique senectus
47,elit. Nulla facilisi. Sed neque. Sed eget lacus. Mauris non dui
47,Curae; Phasellus ornare. Fusce mollis. Duis sit amet diam eu dolor egestas rhoncus.
34,vehicula. Pellentesque tincidunt tempus risus. Donec egestas. Duis ac arcu. Nunc
60,"luctus aliquet odio. Etiam ligula tortor,"
30,"natoque penatibus et magnis dis parturient montes, nascetur"
86,ipsum nunc id enim. Curabitur massa. Vestibulum accumsan neque et nunc. Quisque
78,non enim commodo hendrerit. Donec porttitor tellus non magna. Nam ligula
28,eget mollis lectus pede et
53,"Nullam suscipit, est ac facilisis"
44,"sed dui. Fusce aliquam, enim nec tempus scelerisque, lorem ipsum sodales purus, in molestie tortor"
38,orci luctus et ultrices posuere cubilia Curae;
77,neque et nunc. Quisque ornare tortor at risus. Nunc ac sem ut dolor dapibus
17,"ultrices sit amet, risus. Donec nibh enim, gravida sit amet, dapibus id,"
99,"dapibus rutrum, justo. Praesent luctus. Curabitur egestas nunc sed libero."
38,magna et ipsum cursus vestibulum. Mauris magna.
84,egestas. Duis ac arcu. Nunc mauris. Morbi non
59,"dictum mi, ac mattis velit justo nec ante. Maecenas mi felis, adipiscing fringilla, porttitor vulputate,"
8,"Phasellus libero mauris, aliquam eu, accumsan sed, facilisis vitae, orci. Phasellus dapibus quam quis diam."
44,"velit. Sed malesuada augue ut lacus. Nulla tincidunt, neque vitae semper egestas, urna justo"
3,non sapien molestie orci tincidunt adipiscing. Mauris molestie pharetra
59,Pellentesque habitant morbi tristique senectus et netus
83,Duis dignissim tempor arcu. Vestibulum ut eros
67,"dui. Fusce diam nunc, ullamcorper eu, euismod ac, fermentum vel, mauris. Integer sem elit,"
78,"ante, iaculis nec, eleifend non,"
45,"amet luctus vulputate, nisi sem semper erat, in consectetuer ipsum nunc id enim. Curabitur massa."
4,Cras eget nisi dictum augue malesuada malesuada.
60,eu odio tristique pharetra. Quisque ac libero nec ligula consectetuer
52,"Aliquam ornare, libero at auctor ullamcorper, nisl arcu iaculis enim, sit amet"
20,sodales elit erat vitae risus. Duis a mi fringilla mi lacinia mattis. Integer eu
23,Duis sit amet diam eu dolor
48,"laoreet ipsum. Curabitur consequat, lectus sit amet luctus vulputate, nisi sem semper"
56,"enim mi tempor lorem, eget mollis lectus pede et risus. Quisque libero lacus, varius et,"
30,adipiscing lacus. Ut nec urna et arcu imperdiet ullamcorper. Duis at lacus. Quisque
14,inceptos hymenaeos. Mauris ut quam vel sapien imperdiet ornare. In faucibus. Morbi vehicula. Pellentesque tincidunt
34,"eleifend egestas. Sed pharetra, felis"
74,"et magnis dis parturient montes, nascetur ridiculus mus. Aenean eget magna."
8,id ante dictum cursus. Nunc mauris
84,"parturient montes, nascetur ridiculus mus. Aenean eget magna. Suspendisse tristique neque"
47,"tempor lorem, eget mollis lectus pede et risus. Quisque libero lacus,"
88,"quis, pede. Praesent eu dui. Cum sociis natoque penatibus et magnis dis"
53,sociis natoque penatibus et magnis dis parturient
35,"bibendum ullamcorper. Duis cursus, diam"
65,"dolor egestas rhoncus. Proin nisl sem, consequat"
80,fermentum fermentum arcu. Vestibulum ante ipsum primis in faucibus orci
39,"Donec porttitor tellus non magna. Nam ligula elit, pretium et, rutrum non, hendrerit id, ante."
79,"Nulla aliquet. Proin velit. Sed malesuada augue ut lacus. Nulla tincidunt, neque vitae"
43,"tellus. Aenean egestas hendrerit neque. In ornare sagittis felis. Donec tempor, est ac"
51,"augue id ante dictum cursus. Nunc mauris elit, dictum eu,"
17,"aliquam iaculis, lacus pede sagittis augue,"
17,"metus urna convallis erat, eget tincidunt dui augue"
74,ut nisi a odio semper cursus. Integer mollis. Integer tincidunt aliquam arcu. Aliquam
69,"montes, nascetur ridiculus mus. Aenean eget"
58,enim diam vel arcu. Curabitur ut odio
43,tellus eu augue porttitor interdum. Sed auctor odio
18,"a, enim. Suspendisse aliquet, sem ut cursus luctus, ipsum leo elementum sem,"
83,libero. Proin sed turpis nec mauris blandit mattis.
25,inceptos hymenaeos. Mauris ut quam vel sapien imperdiet
68,"a, facilisis non, bibendum sed, est. Nunc laoreet lectus quis massa. Mauris vestibulum, neque sed"
95,In tincidunt congue turpis. In condimentum. Donec at arcu. Vestibulum ante ipsum primis in faucibus
44,urna. Nunc quis arcu vel quam dignissim
68,Cras vulputate velit eu sem. Pellentesque ut ipsum ac
66,"In lorem. Donec elementum, lorem ut aliquam iaculis, lacus pede sagittis augue, eu tempor erat"
19,"cursus et, magna. Praesent interdum ligula"
63,Maecenas iaculis aliquet diam. Sed diam